0003.jpg,a set of stairs in a modern building interior
3Electrical-Systems-in-Wind-Energy.png,a windmill standing in an open field under a clear sky
8-5.png,a windmill on a hill during sunset with long shadows
0008.jpg,a set of stairs in a modern building interior
0010.jpg,a set of stairs leading up to a bright doorway
0031.jpg,a set of stairs descending into a dark basement
0032.jpg,a set of stairs outdoors covered in fallen leaves
0033.jpg,a set of stairs in an abandoned concrete structure
0034.jpg,a set of stairs spiraling inside a tall tower
0036.jpg,a set of stairs made of wood in a rustic home
107_jpg.rf.a7c7e90d37dac134ef693260643389e4.jpg,a set of stairs illuminated by sunlight through windows
0906.jpg,a set of stairs covered in light snow during winter
cropped-512-icon.png,a boat floating on calm water in a quiet lake
image0003.jpeg,a chair placed in a minimalist white room
image0003.jpg,a car parked on an empty road in the desert
image0004.jpeg,a chair standing alone in a dark empty space
image0005.jpeg,a chair next to a wooden table in a kitchen
image0006.jpeg,a chair positioned near a large window with sunlight
image0007.jpeg,a chair in an abandoned room with peeling paint
image0008.jpeg,a chair on a wooden porch overlooking a garden
image0009 (1).jpg,a windmill near a small village surrounded by trees
image0009.jpg,a car driving through a busy city street at night
image0010.jpg,a car speeding along a highway under cloudy skies
image0019.jpeg,a chair in a classroom with rows of desks
image0020.jpeg,a chair placed in a modern office environment
image0020.jpg,a car covered in rain droplets on a stormy day
image0021.jpg,a car covered in rain droplets on a stormy day
image0026.jpg,a car parked beside a beach with ocean waves nearby
image0027.jpeg,a chair partially hidden in tall grass outdoors
image0044.jpg,a car in a snowy forest road during winter
image0049.jpg,a car passing through a tunnel with bright lights
image0053.jpeg,a chair illuminated by soft studio lighting
image0053.jpg,a car stopped at a traffic light in a downtown area
image0086.jpg,a car driving through countryside fields at sunset
image0205.jpg,a windmill with moving blades on a windy day
image0631.jpg,a boat sailing across the ocean under a blue sky
image1462.jpg,a boat docked at a wooden pier during sunset
image10246.jpg,a windmill partially covered by fog in the morning
image11407.jpg,a windmill beside a river reflecting in the water
image11480.jpg,a boat moving through choppy waves in rough seas
image12720.jpg,a boat anchored near a small coastal village
image12876.jpg,a boat drifting on a misty river in the morning
image12914.jpg,a boat illuminated by moonlight at night
image13262.jpg,a boat passing under a bridge in a city canal
image13832.jpg,a boat filled with fishing nets near the shore
image14113.jpg,a windmill on farmland with crops in the foreground
image14451.jpg,a boat reflected in still water surrounded by mountains
image14682.jpg,a boat silhouetted against a bright sunrise
Types-of-Wind-Farms-and-Their-Locations.png,a windmill under stormy clouds with dramatic lighting
Unlocking-the-Secrets_-How-Do-Wind-Towers-and-Wind-Turbines-Work_.png,a windmill in a snowy landscape during winter