image_0.png,A person in a local zoo
image_10.png,A person in a tech showroom
image_103.png,A person in a magazine office
image_114.png,A person in a dog grooming salon
image_12.png,A person in a public gym
image_123.png,A person in a horse racing track
image_134.png,A person in a bakery
image_137.png,A person in a lecture hall
image_146.png,A person in a waterside dock
image_147.png,A person in a city hall lobby
image_16.png,A person in a wellness center
image_161.png,A person in a gym reception
image_162.png,A person in a workshop
image_166.png,A person in a motel parking lot
image_167.png,A person in a pet shelter
image_168.png,A person in a rehearsal studio
image_177.png,A person in a local music event
image_184.png,A person in a smoke shop
image_19.png,A person in a ski slope
image_199.png,A person in a wax museum
image_2.png,A person in a fitness boot camp
image_200.png,A person in a seasonal craft fair
image_202.png,A person in a local fair
image_21.png,A person in a skydiving center
image_211.png,A person in a cinema lobby
image_217.png,A person in a street corner cafe
image_222.png,A person in a car rental office
image_223.png,A person in a toy store
image_245.png,A person in a ferry terminal
image_247.png,A person in a neighborhood garden tour
image_248.png,A person in a creative space
image_258.png,A person in a high-rise apartment lobby
image_26.png,A person in a garbage facility
image_275.png,A person in a dog boarding kennel
image_278.png,A person in a food tasting booth
image_28.png,A person in a creative art gallery
image_281.png,A person in a wellness spa
image_283.png,A person in a local music festival
image_289.png,A person in a volunteer center
image_303.png,A person in a sports equipment store
image_304.png,A person in a magazine office
image_306.png,A person in a volunteer center
image_310.png,A person in a teacher’s lounge
image_314.png,A person in a historic monument
image_318.png,A person in a wellness spa
image_334.png,A person in a food festival
image_335.png,A person in a community mural project
image_337.png,A person in a fitness studio
image_34.png,A person in a vintage clothing fair
image_340.png,A person in a pop-up bookstore
image_343.png,A person in a basketball court
image_35.png,A person in a wellness workshop
image_354.png,A person in a farmer’s market
image_355.png,A person in a town square
image_36.png,A person in a public square
image_360.png,A person in a fish hatchery
image_365.png,A person in a skatepark
image_375.png,A person in a roadside diner
image_378.png,A person in a poker room
image_38.png,A person in a street art festival
image_384.png,A person in a beachside cafe
image_387.png,A person in a bed and breakfast
image_388.png,A person in a city courthouse
image_391.png,A person in a street performance
image_394.png,A person in a strip mall parking lot
image_397.png,A person in a prison cell
image_40.png,A person in a cupcake shop
image_404.png,A person in a health and wellness center
image_407.png,A person in a town square
image_408.png,A person in a probation hall
image_409.png,A person in a neighborhood garden tour
image_429.png,A person in a comic book store
image_43.png,A person in a community workshop
image_430.png,A person in a vintage market
image_432.png,A person in a film premiere
image_434.png,A person in a pet care expo
image_439.png,A person in a pawn store
image_44.png,A person in a record shop
image_450.png,A person in a music festival
image_456.png,A person in a bail office
image_458.png,A person in a botanical garden event
image_46.png,A person in a fast food counter
image_484.png,A person in a community workshop
image_485.png,A person in a dive shop
image_488.png,A person in a garbage facility
image_489.png,A person in a city skyline observation deck
image_494.png,A person in a theater backstage
image_496.png,A person in a craft workshop
image_50.png,A person in a blacksmith shop
image_502.png,A person in a theater lobby
image_511.png,A person in a yoga studio
image_514.png,A person in a shopping plaza
image_52.png,A person in a rehab clinic
image_526.png,A person in a bell tower
image_536.png,A person in a cultural workshop
image_539.png,A person in a wellness fair
image_545.png,A person in a subway platform
image_547.png,A person in a ski lodge
image_548.png,A person in a creative arts workshop
image_549.png,A person in a local jazz night
image_559.png,A person in a local jazz club
image_561.png,A person in a coffeehouse
image_564.png,A person in a conference exhibition
image_565.png,A person in a wildlife sanctuary
image_581.png,A person in a theater box
image_605.png,A person in a public gym
image_607.png,A person in a shopping plaza
image_611.png,A person in a street fair booth
image_627.png,A person in a public bathroom
image_629.png,A person in a university lab
image_63.png,A person in a taxi queue
image_630.png,A person in a toy store
image_634.png,A person in a museum
image_639.png,A person in a community book swap
image_642.png,A person in a public aquarium
image_651.png,A person in a greenhouse
image_654.png,A person in a karaoke lounge
image_655.png,A person in a painting studio
image_662.png,A person in a gourmet bakery
image_663.png,A person in a park bench
image_668.png,A person in a music rehearsal room
image_669.png,A person in a motel
image_675.png,A person in a deli
image_679.png,A person in a cultural parade
image_683.png,A person in a museum
image_686.png,A person in a souvenir stand
image_688.png,A person in a tech expo
image_692.png,A person in a vintage toy fair
image_695.png,A person in a highway rest area
image_70.png,A person in a skydiving center
image_706.png,A person in a bridal boutique
image_709.png,A person in a pancake shop
image_71.png,A person in a smokehouse
image_725.png,A person in a public garden
image_729.png,A person in a blacksmith shop
image_734.png,A person in a racehorse stable
image_739.png,A person in a tattoo parlor
image_74.png,A person in a newsroom
image_747.png,A person in a bridal salon
image_750.png,A person in a radio booth
image_751.png,A person in a street food cart
image_764.png,A person in a trampoline park
image_783.png,A person in a fish restaurant
image_789.png,A person in a juice stand
image_803.png,A person in a skydiving center
image_81.png,A person in a watch repair shop
image_810.png,A person in a radio station
image_815.png,A person in a customs gate
image_820.png,A person in a ceramic workshop
image_821.png,A person in a hostel dorm
image_83.png,A person in a hostel bunk
image_831.png,A person in a deli counter
image_833.png,A person in a vintage car show
image_836.png,A person in a photo studio
image_84.png,A person in a bus depot
image_841.png,A person in a sports equipment store
image_845.png,A person in a farm barn
image_851.png,A person in a vintage toy fair
image_856.png,A person in a fruit stand
image_858.png,A person in a charity gala
image_864.png,A person in a street art festival
image_872.png,A person in a college classroom
image_875.png,A person in a yoga retreat
image_878.png,A person in a craft brewery
image_88.png,A person in a ceramics studio
image_880.png,A person in a road trip pit stop
image_884.png,A person in a farmer’s barn
image_890.png,A person in a video arcade
image_891.png,A person in a local holiday market
image_895.png,A person in a racetrack
image_896.png,A person in a construction trailer
image_898.png,A person in a rehab clinic
image_899.png,A person in a public library event
image_904.png,A person in a barbershop
image_917.png,A person in a clothing store
image_919.png,A person in a suburban park
image_92.png,A person in a factory floor
image_931.png,A person in a gallery
image_932.png,A person in a charity gala
image_939.png,A person in a comic book store
image_942.png,A person in a juice shop
image_945.png,A person in a local food market
image_947.png,A person in a salsa club
image_949.png,A person in a cubicle
image_951.png,A person in a community festival
image_953.png,A person in a historic fair
image_959.png,A person in a warehouse
image_963.png,A person in a parole office
image_970.png,A person in a tattoo chair
image_971.png,A person in a craft market
image_973.png,A person in a barber’s chair
image_976.png,A person in a dance workshop
image_980.png,A person in a tea house
image_981.png,A person in a recording studio
image_983.png,A person in a medical office
image_988.png,A person in a public theater
image_99.png,A person in a gourmet restaurant
image_995.png,A person in a food court
image_998.png,A person in a yoga retreat
image_999.png,A person in a hotel pool
